ID,Player,User,Userattempt,Position,Correct,Createdat
1109,VladeDivac-C(2004),João,1,PF,False,9deMarçode2025às22:46
1108,CodyZeller-C(2018),juulfs,1,PG,False,9deMarçode2025às22:46
1107,CobyWhite-PG(2020),juulfs,1,SG,False,9deMarçode2025às22:45
1106,HerbWilliams-C(1984),juulfs,1,SF,False,9deMarçode2025às22:45
1105,NemanjaBjelica-PF(2020),juulfs,1,PF,True,9deMarçode2025às22:45
1104,AlexEnglish-SF(1987),João,1,SG,False,9deMarçode2025às22:45
1103,BryantReeves-C(1996),juulfs,1,SF,False,9deMarçode2025às22:45
1102,BenWallace-C(2004),juulfs,1,PF,False,9deMarçode2025às22:45
1101,LaMeloBall-PG(2023),João,1,PG,True,9deMarçode2025às22:45
1100,ChuckyAtkins-PG(2004),juulfs,1,PG,True,9deMarçode2025às22:45
1099,JerryReynolds-SG(1992),juulfs,1,SG,True,9deMarçode2025às22:45
1098,JarrettAllen-C(2024),João,1,PF,False,9deMarçode2025às22:45
1097,AllenIverson-PG(1997),juulfs,1,C,False,9deMarçode2025às22:45
1096,MauriceEvans-SF(2010),juulfs,1,C,False,9deMarçode2025às22:45
1095,ArtLong-PF(2002),João,1,PF,True,9deMarçode2025às22:45
1094,LucMbahaMoute-PF(2015),João,1,SG,False,9deMarçode2025às22:45
1093,JoshSmith-PF(2008),João,1,SF,False,9deMarçode2025às22:44
1092,LarryJohnson-PF(1994),João,1,PF,True,9deMarçode2025às22:44
1091,TysonChandler-C(2013),João,1,PF,False,9deMarçode2025às22:44
1090,KevinLove-PF(2011),João,1,SF,False,9deMarçode2025às22:44
1078,StanleyRoberts-C(1992),brunoxavier,1,C,True,3deFevereirode2025às15:10
1077,AllenLeavell-SG(1988),brunoxavier,1,PG,False,3deFevereirode2025às15:10
1076,JeffRuland-C(1985),brunoxavier,1,C,True,3deFevereirode2025às15:10
1075,BenoitBenjamin-C(1989),brunoxavier,1,C,True,3deFevereirode2025às15:10
1074,GrantHill-SF(2011),brunoxavier,1,SG,False,3deFevereirode2025às15:10
1073,JaredSullinger-PF(2015),brunoxavier,1,PG,False,3deFevereirode2025às15:10
1072,RodneyHood-SG(2017),brunoxavier,1,SG,True,3deFevereirode2025às15:09
1071,MitchellWiggins-SG(1985),brunoxavier,1,SF,False,3deFevereirode2025às15:09
1070,ReggieWilliams-SF(1996),brunoxavier,1,PF,False,3deFevereirode2025às15:09
1069,JamalCrawford-SG(2005),brunoxavier,1,SG,True,3deFevereirode2025às15:08
1068,TroyMurphy-PF(2006),brunoxavier,1,SF,False,3deFevereirode2025às15:08
1067,CliffRobinson-PF(1980),xandinho,2,SF,False,2deFevereirode2025às05:13
1066,MarcusSmart-PG(2021),xandinho,2,SF,False,2deFevereirode2025às05:13
1065,B.J.Armstrong-PG(1995),xandinho,2,C,False,2deFevereirode2025às05:13
1064,YogiFerrell-SG(2018),xandinho,2,PF,False,2deFevereirode2025às05:12
1063,ScotPollard-C(2006),xandinho,2,PG,False,2deFevereirode2025às05:12
1062,TroyBrownJr.-SF(2023),xandinho,2,PF,False,2deFevereirode2025às05:12
1061,SpeedyClaxton-PG(2005),xandinho,2,SF,False,2deFevereirode2025às05:12
1060,P.J.Tucker-PF(2019),xandinho,2,PF,True,2deFevereirode2025às05:12
1059,JoeBarryCarroll-C(1984),xandinho,2,C,True,2deFevereirode2025às05:12
1058,ArronAfflalo-SG(2012),xandinho,2,SG,True,2deFevereirode2025às05:12
1057,BrevinKnight-PG(2005),xandinho,2,PG,True,2deFevereirode2025às05:12
1027,DamonJones-PG(2002),jgomide,1,PG,True,28deJaneirode2025às22:16
1026,JeffCook-SF(1981),jgomide,1,PF,False,28deJaneirode2025às22:16
1025,BobbyJackson-PG(2001),jgomide,1,SF,False,28deJaneirode2025às22:16
1024,ReggieWilliams-SF(1993),jgomide,1,PF,False,28deJaneirode2025às22:16
1023,GeorgeHill-PG(2013),jgomide,1,SG,False,28deJaneirode2025às22:16
1022,DelonWright-SG(2022),jgomide,1,SF,False,28deJaneirode2025às22:15
1021,TheoRatliff-PF(1999),jgomide,1,C,False,28deJaneirode2025às22:15
1020,JohnSalley-PF(1993),jgomide,1,SF,False,28deJaneirode2025às22:15
1019,BenSimmons-PG(2019),jgomide,1,PG,True,28deJaneirode2025às22:14
1018,GrantLong-PF(2000),jgomide,1,SF,False,28deJaneirode2025às22:14
1017,KyleAnderson-SF(2016),Rodolfo,1,PF,False,28deJaneirode2025às21:17
1016,TraeYoung-PG(2021),Rodolfo,1,PG,True,28deJaneirode2025às21:17
1015,KrisHumphries-PF(2015),Rodolfo,1,C,False,28deJaneirode2025às21:17
1014,ZachLaVine-SG(2022),Rodolfo,1,PF,False,28deJaneirode2025às21:17
1013,PaulPressey-SG(1991),Rodolfo,1,PG,False,28deJaneirode2025às21:16
1012,SteveStipanovich-C(1988),Rodolfo,1,SF,False,28deJaneirode2025às21:16
1011,KellyOlynyk-C(2014),Rodolfo,1,PF,False,28deJaneirode2025às21:16
1010,ThomasBryant-C(2020),Rodolfo,1,C,True,28deJaneirode2025às21:16
1009,NormNixon-PG(1983),Rodolfo,1,PG,True,28deJaneirode2025às21:16
1008,HarrisonBarnes-PF(2018),Rodolfo,1,PF,True,28deJaneirode2025às21:16
1007,TonyAllen-SG(2011),Rodolfo,1,SG,True,28deJaneirode2025às21:15
1006,ClintCapela-C(2023),Rodolfo,1,SF,False,28deJaneirode2025às21:14
1005,T.J.Warren-SF(2020),DênisKleber,1,C,False,28deJaneirode2025às20:48
1004,JaMorant-PG(2021),DênisKleber,1,SG,False,28deJaneirode2025às20:47
1003,MarkJackson-PG(1991),DênisKleber,1,PF,False,28deJaneirode2025às20:46
1002,ShermanDouglas-PG(1991),DênisKleber,1,SG,False,28deJaneirode2025às20:46
1001,BernardKing-SF(1990),DênisKleber,1,C,False,28deJaneirode2025às20:45
1000,MikeGale-PG(1981),DênisKleber,1,PG,True,28deJaneirode2025às20:45
999,AlThornton-SF(2009),DênisKleber,1,C,False,28deJaneirode2025às20:45
998,AaronWilliams-PF(1997),DênisKleber,1,C,False,28deJaneirode2025às20:44
997,ÖmerAşık-C(2015),DênisKleber,1,C,True,28deJaneirode2025às20:44
996,ChrisChilds-PG(2000),DênisKleber,1,C,False,28deJaneirode2025às20:44
995,BobMcAdoo-C(1982),DênisKleber,1,PF,False,28deJaneirode2025às20:43
994,MarcusCamby-C(2011),DênisKleber,1,C,True,28deJaneirode2025às20:43
993,GilbertArenas-PG(2002),DênisKleber,1,SG,False,28deJaneirode2025às20:42
992,SeanElliott-SF(1991),DênisKleber,1,SF,True,28deJaneirode2025às20:42
991,ErickDampier-C(2005),DênisKleber,1,C,True,28deJaneirode2025às20:41
978,AdamKeefe-C(1998),DiegoRamos,1,C,True,25deJaneirode2025às15:50
977,RoyHibbert-C(2010),DiegoRamos,1,PG,False,25deJaneirode2025às15:49
976,DocRivers-PG(1991),DiegoRamos,1,SF,False,25deJaneirode2025às15:49
975,GeorgeGervin-SG(1983),DiegoRamos,1,SF,False,25deJaneirode2025às15:49
974,PatrickPatterson-PF(2012),DiegoRamos,1,SF,False,25deJaneirode2025às15:49
973,JeffWilkins-C(1981),DiegoRamos,1,C,True,25deJaneirode2025às15:48
972,CorlissWilliamson-SF(1997),DiegoRamos,1,SG,False,25deJaneirode2025às15:48
971,WinstonBennett-SF(1992),DiegoRamos,1,C,False,25deJaneirode2025às15:48
970,JohnDrew-SF(1984),DiegoRamos,1,PF,False,25deJaneirode2025às15:48
969,TomChambers-PF(1982),DiegoRamos,1,C,False,25deJaneirode2025às15:47
968,RodneyMcGruder-SG(2020),DiegoRamos,1,PF,False,25deJaneirode2025às15:47
967,RudyMacklin-SF(1983),DiegoRamos,1,C,False,25deJaneirode2025às15:46
966,C.J.Watson-PG(2013),testeteste,1,SF,False,24deJaneirode2025às12:21
965,JohnnyNewman-SF(1997),testeteste,1,PF,False,24deJaneirode2025às12:20
964,CoreyMaggette-SF(2007),testeteste,1,C,False,24deJaneirode2025às12:20
963,JoshRichardson-SG(2021),testeteste,1,SF,False,24deJaneirode2025às12:20
962,JoeMeriweather-C(1981),testeteste,1,PF,False,24deJaneirode2025às12:20
961,JameerNelson-PG(2017),testeteste,1,SG,False,24deJaneirode2025às12:20
960,MichaelFinley-SF(2000),testeteste,1,SF,True,24deJaneirode2025às12:20
959,RoshownMcLeod-SF(2000),testeteste,1,PG,False,24deJaneirode2025às12:20
958,AnthonyMorrow-SG(2010),testeteste,1,PG,False,24deJaneirode2025às12:20
957,TylerHansbrough-PF(2014),testeteste,1,SG,False,24deJaneirode2025às12:20
956,DerMarrJohnson-SG(2005),testeteste,1,SF,False,24deJaneirode2025às12:20
955,MookieBlaylock-PG(1997),testeteste,1,PF,False,24deJaneirode2025às12:20
954,RolandoBlackman-SG(1982),testeteste,1,PF,False,24deJaneirode2025às12:20
953,DeAndreJordan-C(2019),testeteste,1,C,True,24deJaneirode2025às12:20
952,JamarioMoon-SF(2009),testeteste,1,C,False,24deJaneirode2025às12:20
951,TerryPorter-PG(1986),testeteste,1,C,False,24deJaneirode2025às12:20
950,J.J.Redick-SG(2016),testeteste,1,PF,False,24deJaneirode2025às12:20
949,AustinCroshere-PF(2000),testeteste,1,SF,False,24deJaneirode2025às12:20
948,TroyMurphy-PF(2010),testeteste,1,SG,False,24deJaneirode2025às12:20
947,VinBaker-PF(1996),testeteste,1,PG,False,24deJaneirode2025às12:20
946,AndreIguodala-SF(2021),NBAproguesser,1,SG,False,24deJaneirode2025às01:57
945,DanMajerle-SG(1999),NBAproguesser,1,PG,False,24deJaneirode2025às01:57
944,MikeJames-PG(2006),NBAproguesser,1,PF,False,24deJaneirode2025às01:57
943,ChuckyBrown-PF(1996),NBAproguesser,1,PF,True,24deJaneirode2025às01:57
942,TheronSmith-SF(2005),NBAproguesser,1,PG,False,24deJaneirode2025às01:57
941,BernardKing-SF(1988),NBAproguesser,1,PF,False,24deJaneirode2025às01:57
940,P.J.Tucker-SG(2013),NBAproguesser,1,SF,False,24deJaneirode2025às01:56
939,JoeJohnson-SG(2009),NBAproguesser,1,SG,True,24deJaneirode2025às01:56
938,CoryAlexander-PG(1997),NBAproguesser,1,PF,False,24deJaneirode2025às01:56
937,ChrisGatling-PF(1993),NBAproguesser,1,PF,True,24deJaneirode2025às01:55
936,RasheedWallace-C(2010),NBAproguesser,1,PG,False,24deJaneirode2025às01:55
935,LatrellSprewell-SG(1994),NBAproguesser,1,SG,True,24deJaneirode2025às01:55
934,GeorgesNiang-PF(2022),NBAproguesser,1,PF,True,24deJaneirode2025às01:55
933,DougMcDermott-SF(2004),MAGICMELO,1,SG,False,24deJaneirode2025às00:30
932,MichaelCage-PF(1992),MAGICMELO,1,C,False,24deJaneirode2025às00:30
931,KostaKoufos-C(2013),MAGICMELO,1,PF,False,24deJaneirode2025às00:30
930,RomeoLangford-SG(2022),MAGICMELO,1,PG,False,24deJaneirode2025às00:30
929,AlexEnglish-SF(1989),MAGICMELO,1,SG,False,24deJaneirode2025às00:30
928,D'AngeloRussell-PG(2020),MAGICMELO,1,C,False,24deJaneirode2025às00:30
927,RashoNesterović-C(2002),MAGICMELO,1,SG,False,24deJaneirode2025às00:30
926,MalikSealy-SG(1997),MAGICMELO,1,SF,False,24deJaneirode2025às00:30
925,KevinGamble-SF(1996),MAGICMELO,1,C,False,24deJaneirode2025às00:30
924,DamonJones-PG(2007),MAGICMELO,1,PG,True,24deJaneirode2025às00:30
923,KeithVanHorn-SF(2004),MAGICMELO,1,SG,False,24deJaneirode2025às00:30
922,MarvinWilliams-PF(2015),MAGICMELO,1,C,False,24deJaneirode2025às00:30
921,CoreyKispert-SF(2023),Iannis,2,SG,False,22deJaneirode2025às22:55
920,JumaineJones-PF(2002),Iannis,2,SF,False,22deJaneirode2025às22:55
919,SantiAldama-PF(2023),Iannis,2,SG,False,22deJaneirode2025às22:55
918,TyroneCorbin-SF(1989),Iannis,2,C,False,22deJaneirode2025às22:55
917,KwameBrown-PF(2004),Iannis,2,PF,True,22deJaneirode2025às22:54
916,MauriceHarkless-SF(2022),Iannis,2,SG,False,22deJaneirode2025às22:54
915,LeonPowe-PF(2009),Iannis,2,C,False,22deJaneirode2025às22:54
914,RickyPierce-SG(1986),Iannis,2,SF,False,22deJaneirode2025às22:54
913,CalvinNatt-SF(1984),Iannis,2,SF,True,22deJaneirode2025às22:54
912,RickeyGreen-PG(1982),Iannis,2,PF,False,22deJaneirode2025às22:54
911,JoeBarryCarroll-C(1981),Iannis,2,C,True,22deJaneirode2025às22:53
910,BrandanWright-C(2014),Curryfan,1,C,True,22deJaneirode2025às21:45
909,DaniloGallinari-SF(2013),Curryfan,1,SF,True,22deJaneirode2025às21:45
908,MettaWorldPeace-SF(2006),Curryfan,1,SG,False,22deJaneirode2025às21:45
907,AlHorford-C(2018),Curryfan,1,SG,False,22deJaneirode2025às21:45
906,AlvanAdams-C(1988),Curryfan,1,SF,False,22deJaneirode2025às21:45
905,PatCummings-C(1983),Curryfan,1,SF,False,22deJaneirode2025às21:45
904,TonyMassenburg-PF(1997),Curryfan,1,PF,True,22deJaneirode2025às21:44
903,RobertParish-C(1981),Curryfan,1,C,True,22deJaneirode2025às21:44
902,CharlieWard-PG(2000),Masto,7,SG,False,22deJaneirode2025às19:39
901,JohnStockton-PG(1996),Masto,7,PG,True,22deJaneirode2025às19:39
900,DeAndreJordan-C(2017),Masto,7,C,True,22deJaneirode2025às19:39
899,MikeJames-PG(2009),Masto,7,PG,True,22deJaneirode2025às19:39
898,TayshaunPrince-SF(2014),Masto,7,SF,True,22deJaneirode2025às19:38
897,ChrisMills-SF(1995),Masto,7,PF,False,22deJaneirode2025às19:38
896,DanteCunningham-PF(2015),Masto,7,PF,True,22deJaneirode2025às19:38
895,MitchRichmond-SG(1996),Masto,7,SG,True,22deJaneirode2025às19:37
894,SwenNater-C(1980),Masto,7,C,True,22deJaneirode2025às19:37
893,Ersanİlyasova-PF(2017),Masto,7,PF,True,22deJaneirode2025às19:36
892,DrewEubanks-C(2024),Masto,6,C,True,22deJaneirode2025às19:35
891,SamWilliams-PF(1983),Masto,6,C,False,22deJaneirode2025às19:34
890,KevinLove-PF(2011),Masto,6,C,False,22deJaneirode2025às19:34
889,MichaelBrooks-SF(1982),Masto,6,SF,True,22deJaneirode2025às19:34
888,AntawnJamison-SF(2006),Masto,6,PF,False,22deJaneirode2025às19:34
887,ManuGinóbili-SG(2014),Masto,6,PG,False,22deJaneirode2025às19:33
886,MichaelCage-C(1995),Masto,6,C,True,22deJaneirode2025às19:33
885,RikSmits-C(1998),Masto,6,C,True,22deJaneirode2025às19:33
884,JoeJohnson-SG(2008),Masto,6,PG,False,22deJaneirode2025às19:32
883,DillonBrooks-SF(2023),Masto,6,SG,False,22deJaneirode2025às19:32
882,ClarenceWeatherspoon-PF(2003),Masto,5,PF,True,22deJaneirode2025às19:31
881,ChrisJohnson-SF(2014),Masto,5,SF,True,22deJaneirode2025às19:30
880,OliverMiller-C(1994),Masto,5,PF,False,22deJaneirode2025às19:30
879,RandyWhite-PF(1991),Masto,5,C,False,22deJaneirode2025às19:29
878,KellyOlynyk-C(2023),Masto,5,SG,False,22deJaneirode2025às19:29
877,StephenCurry-PG(2024),Masto,5,PG,True,22deJaneirode2025às19:29
876,KevinWillis-PF(1987),Masto,5,C,False,22deJaneirode2025às19:28
875,SeanElliott-SF(1993),Masto,5,SG,False,22deJaneirode2025às19:27
874,KeithVanHorn-SF(2005),Masto,5,PF,False,22deJaneirode2025às19:27
873,TracyMcGrady-SG(2004),Masto,5,SG,True,22deJaneirode2025às19:26
872,LarryHughes-PG(1999),mateus,1,SF,False,22deJaneirode2025às02:04
871,Ersanİlyasova-PF(2018),mateus,1,SG,False,22deJaneirode2025às02:04
870,ŽanTabak-C(1996),mateus,1,C,True,22deJaneirode2025às02:04
869,DennisSmithJr.-PG(2020),mateus,1,PG,True,22deJaneirode2025às02:04
868,WalterDavis-SG(1983),mateus,1,PG,False,22deJaneirode2025às02:04
867,JasonTerry-SG(2008),mateus,1,PG,False,22deJaneirode2025às02:04
866,CherokeeParks-C(1999),mateus,1,SF,False,22deJaneirode2025às02:04
865,EddieRobinson-SF(2004),mateus,1,SG,False,22deJaneirode2025às02:03
864,TomHammonds-PF(1992),mateus,1,PF,True,22deJaneirode2025às02:03
863,ChuckHayes-PF(2008),mateus,1,C,False,22deJaneirode2025às02:02
862,ShaneBattier-SF(2003),mateus,1,PF,False,22deJaneirode2025às02:02
861,MarkPrice-PG(1990),ester,1,SG,False,22deJaneirode2025às01:36
860,PatrickPatterson-PF(2011),Masto,4,C,False,21deJaneirode2025às20:04
859,RajaBell-SG(2004),Masto,4,SF,False,21deJaneirode2025às20:03
858,AndreIguodala-SF(2006),Masto,4,SF,True,21deJaneirode2025às20:03
857,A.C.Green-PF(1993),Masto,4,C,False,21deJaneirode2025às20:03
856,KennyAnderson-PG(1997),Masto,4,PG,True,21deJaneirode2025às20:02
855,TobiasHarris-PF(2021),Masto,4,PF,True,21deJaneirode2025às20:02
854,CarlosBoozer-PF(2010),Masto,4,PF,True,21deJaneirode2025às20:02
853,LukeWalton-SF(2006),Masto,4,SF,True,21deJaneirode2025às20:01
852,ViktorKhryapa-SF(2005),Masto,4,C,False,21deJaneirode2025às20:01
851,JohnLucas-PG(1982),Masto,4,PG,True,21deJaneirode2025às20:01
850,DougCollins-SG(1980),Masto,3,SG,True,21deJaneirode2025às19:55
849,VladeDivac-C(1991),Masto,3,C,True,21deJaneirode2025às19:54
848,MosesBrown-C(2021),Masto,3,C,True,21deJaneirode2025às19:54
847,MarcusSmart-SG(2018),Masto,3,PG,False,21deJaneirode2025às19:54
846,DougMcDermott-SF(2018),Masto,3,SF,True,21deJaneirode2025às19:54
845,BobWilkerson-SF(1980),Masto,3,SG,False,21deJaneirode2025às19:53
844,SteveJohnson-C(1982),Masto,3,C,True,21deJaneirode2025às19:53
843,MiltPalacio-PG(2006),Masto,3,PF,False,21deJaneirode2025às19:52
842,PatGarrity-SF(2000),Masto,3,SG,False,21deJaneirode2025às19:52
841,EricPiatkowski-SG(2002),Masto,3,SG,True,21deJaneirode2025às19:50
840,TonyBattie-PF(2009),GabrielAlmeida,1,C,False,21deJaneirode2025às18:34
839,DarrellGriffith-SG(1990),GabrielAlmeida,1,SG,True,21deJaneirode2025às18:33
838,KevinJohnson-PG(1998),GabrielAlmeida,1,PG,True,21deJaneirode2025às18:33
837,RoyceO'Neale-SF(2023),GabrielAlmeida,1,SG,False,21deJaneirode2025às18:31
836,GregBallard-SF(1984),GabrielAlmeida,1,PF,False,21deJaneirode2025às18:31
835,TomášSatoranský-SG(2018),GabrielAlmeida,1,SG,True,21deJaneirode2025às18:30
834,JoshChildress-SF(2006),GabrielAlmeida,1,SF,True,21deJaneirode2025às18:30
833,AllanHouston-SG(2004),GabrielAlmeida,1,SG,True,21deJaneirode2025às18:29
832,NazrMohammed-C(2008),GabrielAlmeida,1,C,True,21deJaneirode2025às18:29
831,KevinWillis-PF(1997),GabrielAlmeida,1,PF,True,21deJaneirode2025às18:28
830,KevinPorter-PG(1980),GabrielAlmeida,1,PG,True,21deJaneirode2025às18:27
829,DinoRadja-PF(1996),Harrison,3,PF,True,21deJaneirode2025às17:52
828,AntonioDaniels-SG(2000),Harrison,3,SG,True,21deJaneirode2025às17:52
827,AntonioMcDyess-PF(2001),Harrison,3,SG,False,21deJaneirode2025às17:51
826,RyanAnderson-PF(2018),Harrison,3,SG,False,21deJaneirode2025às17:51
825,ManuGinóbili-SG(2009),Harrison,3,SG,True,21deJaneirode2025às17:51
824,RandolphKeys-SF(1990),Harrison,3,SF,True,21deJaneirode2025às17:51
823,GregMinor-SG(1999),Harrison,3,PF,False,21deJaneirode2025às17:51
822,RonnieBrewer-SG(2012),Harrison,3,PF,False,21deJaneirode2025às17:51
821,MarcGasol-C(2021),Harrison,3,SF,False,21deJaneirode2025às17:51
820,EddieJohnson-SF(1994),Harrison,3,SF,True,21deJaneirode2025às17:50
819,TaureanPrince-PF(2023),Harrison,3,SF,False,21deJaneirode2025às17:50
818,TysonChandler-C(2015),Harrison,3,C,True,21deJaneirode2025às17:50
817,TracyMurray-SF(1997),Harrison,3,SF,True,21deJaneirode2025às17:50
816,AntoineCarr-PF(1993),Harrison,3,PF,True,21deJaneirode2025às17:50
815,RonBrewer-SG(1982),Harrison,3,SF,False,21deJaneirode2025às17:50
814,RajonRondo-PG(2018),Harrison,3,SF,False,21deJaneirode2025às17:49
813,FredJones-SG(2006),Harrison,3,SF,False,21deJaneirode2025às17:49
812,ScotPollard-C(2000),Harrison,3,PF,False,21deJaneirode2025às17:49
811,NateRobinson-PG(2014),Harrison,3,SF,False,21deJaneirode2025às17:48
810,JeromeWhitehead-C(1983),Harrison,3,PF,False,21deJaneirode2025às17:48
809,DeShawnStevenson-SG(2005),Jose22,1,PF,False,21deJaneirode2025às17:22
808,CarlosDelfino-SF(2013),Jose22,1,SF,True,21deJaneirode2025às17:21
807,J.J.Redick-SG(2013),Jose22,1,PF,False,21deJaneirode2025às17:21
806,BradleyBeal-SG(2013),Jose22,1,PG,False,21deJaneirode2025às17:21
805,T.J.McConnell-PG(2021),Jose22,1,C,False,21deJaneirode2025às17:20
804,JoeDumars-SG(1993),Jose22,1,SF,False,21deJaneirode2025às17:20
803,LarryHughes-SG(2006),Jose22,1,C,False,21deJaneirode2025às17:19
802,ArmenGilliam-PF(1990),Jose22,1,PG,False,21deJaneirode2025às17:19
801,CameronJohnson-PF(2021),Jose22,1,PF,True,21deJaneirode2025às17:18
800,RickyPierce-SG(1990),Jose22,1,SF,False,21deJaneirode2025às17:18
799,T.J.McConnell-PG(2019),Jose22,1,SF,False,21deJaneirode2025às17:17
798,AntonioDavis-PF(1995),Phr@ngus,1,C,False,21deJaneirode2025às16:31
797,DevinBooker-SG(2023),Phr@ngus,1,PG,False,21deJaneirode2025às16:30
796,BrianHoward-SF(1993),Phr@ngus,1,SG,False,21deJaneirode2025às16:30
795,JeffGreen-PF(2017),Phr@ngus,1,SG,False,21deJaneirode2025às16:30
794,VinceCarter-SG(2016),Phr@ngus,1,PF,False,21deJaneirode2025às16:29
793,LutherHead-SG(2010),Fao,1,SF,False,21deJaneirode2025às16:16
792,TerenceMorris-SF(2002),Fao,1,SG,False,21deJaneirode2025às16:16
791,ŽeljkoRebrača-C(2003),Fao,1,SF,False,21deJaneirode2025às16:15
790,DevinBooker-SG(2021),Fao,1,SF,False,21deJaneirode2025às16:15
789,CraigEhlo-SG(1991),Fao,1,SG,True,21deJaneirode2025às16:15
788,ShareefAbdur-Rahim-PF(2002),Fao,1,SG,False,21deJaneirode2025às16:15
787,GlennRobinson-SF(1996),Fao,1,SG,False,21deJaneirode2025às16:15
786,BradleyBeal-SG(2022),Fao,1,PG,False,21deJaneirode2025às16:13
785,P.J.Washington-PF(2024),Fao,1,PF,True,21deJaneirode2025às16:13
784,MaxiKleber-PF(2018),Fao,1,C,False,21deJaneirode2025às16:12
783,BillCartwright-C(1988),matheus,19,C,True,21deJaneirode2025às15:55
782,KevonLooney-C(2022),matheus,19,C,True,21deJaneirode2025às15:55
781,KurtThomas-PF(2005),matheus,19,C,False,21deJaneirode2025às15:54
780,DerrickFavors-C(2018),matheus,19,C,True,21deJaneirode2025às15:54
779,RodneyRogers-PF(2003),matheus,19,PF,True,21deJaneirode2025às15:54
778,JameerNelson-PG(2013),matheus,19,PG,True,21deJaneirode2025às15:54
777,TayshaunPrince-SF(2009),matheus,19,PF,False,21deJaneirode2025às15:54
776,BimboColes-PG(1999),matheus,19,PG,True,21deJaneirode2025às15:53
775,MauriceCheeks-PG(1990),matheus,19,PG,True,21deJaneirode2025às15:53
774,VitalyPotapenko-C(2004),matheus,19,C,True,21deJaneirode2025às15:53
773,O.J.Mayo-SG(2016),matheus,19,SG,True,21deJaneirode2025às15:53
772,JeffHornacek-SG(1997),allan1995tj,1,SF,False,21deJaneirode2025às15:52
771,StanleyRoberts-C(1996),allan1995tj,1,PF,False,21deJaneirode2025às15:52
770,AaronBrooks-PG(2011),allan1995tj,1,SG,False,21deJaneirode2025às15:52
769,PatrickBeverley-PG(2015),allan1995tj,1,PF,False,21deJaneirode2025às15:51
768,AndreDrummond-C(2020),allan1995tj,1,PF,False,21deJaneirode2025às15:51
767,CedricMaxwell-SF(1980),allan1995tj,1,C,False,21deJaneirode2025às15:51
766,JeffGreen-PF(2013),allan1995tj,1,PG,False,21deJaneirode2025às15:51
765,DamonJones-PG(2002),allan1995tj,1,SG,False,21deJaneirode2025às15:51
764,TayshaunPrince-SF(2016),allan1995tj,1,SF,True,21deJaneirode2025às15:50
763,KevinEdwards-SG(1994),allan1995tj,1,C,False,21deJaneirode2025às15:50
762,TimThomas-SF(2000),allan1995tj,1,C,False,21deJaneirode2025às15:50
761,CoreyMaggette-PF(2009),Masto,2,SF,False,21deJaneirode2025às15:27
760,SergeIbaka-PF(2017),Masto,2,PF,True,21deJaneirode2025às15:26
759,KyleLowry-PG(2011),Masto,2,PG,True,21deJaneirode2025às15:26
758,NormanPowell-SG(2020),Masto,2,SF,False,21deJaneirode2025às15:26
757,MichaelCage-PF(1989),Masto,2,PF,True,21deJaneirode2025às15:25
756,DanMajerle-SF(1997),Masto,2,SF,True,21deJaneirode2025às15:25
755,NicolasBatum-SG(2018),Masto,2,PG,False,21deJaneirode2025às15:25
754,NormNixon-PG(1981),Masto,2,PG,True,21deJaneirode2025às15:24
753,BrookLopez-C(2017),Masto,2,SG,False,21deJaneirode2025às15:24
752,MarkEaton-C(1986),Masto,2,C,True,21deJaneirode2025às15:23
751,DanMajerle-SG(2002),Masto,1,SF,False,21deJaneirode2025às15:22
750,KobeBryant-SG(2008),Masto,1,PG,False,21deJaneirode2025às15:22
749,AntoineCarr-PF(1998),Masto,1,C,False,21deJaneirode2025às15:21
748,RuiHachimura-PF(2020),Karlo_76,5,SF,False,21deJaneirode2025às15:21
747,JeffHornacek-SG(2000),Karlo_76,5,SG,True,21deJaneirode2025às15:21
746,ChandlerParsons-SF(2018),Karlo_76,5,SF,True,21deJaneirode2025às15:21
745,KentBenson-C(1986),Karlo_76,5,PF,False,21deJaneirode2025às15:21
744,RudyGay-SF(2011),Masto,1,SF,True,21deJaneirode2025às15:21
743,JoshBoone-PF(2010),Karlo_76,5,C,False,21deJaneirode2025às15:21
742,JohnLong-SG(1982),Karlo_76,5,PF,False,21deJaneirode2025às15:21
741,VinnieJohnson-SG(1988),Masto,1,SG,True,21deJaneirode2025às15:20
740,RussellWestbrook-PG(2012),Karlo_76,5,SG,False,21deJaneirode2025às15:20
739,EddieJohnson-SF(1988),Karlo_76,5,SG,False,21deJaneirode2025às15:20
738,KennyCarr-PF(1981),Karlo_76,5,C,False,21deJaneirode2025às15:20
737,KevinGarnett-PF(2003),Masto,1,PF,True,21deJaneirode2025às15:20
736,MettaWorldPeace-SF(2007),Karlo_76,5,SF,True,21deJaneirode2025às15:20
735,BrandonMiller-SF(2024),Masto,1,SF,True,21deJaneirode2025às15:19
734,BobbyJackson-PG(2002),Karlo_76,5,SF,False,21deJaneirode2025às15:19
733,JayVincent-SF(1988),Karlo_76,5,SG,False,21deJaneirode2025às15:19
732,GaryNeal-SG(2015),Masto,1,SG,True,21deJaneirode2025às15:19
731,HoraceGrant-PF(2001),Karlo_76,5,C,False,21deJaneirode2025às15:19
730,DarrellArmstrong-PG(1997),Karlo_76,5,SG,False,21deJaneirode2025às15:19
729,DavidWest-PF(2010),Karlo_76,5,PF,True,21deJaneirode2025às15:19
728,JasonKidd-PG(2007),Masto,1,PG,True,21deJaneirode2025às15:19
727,RodneyMcGruder-SG(2020),Karlo_76,5,SF,False,21deJaneirode2025às15:18
726,LarrySmith-PF(1984),Masto,1,C,False,21deJaneirode2025às15:18
725,DraymondGreen-PF(2020),Karlo_76,5,SF,False,21deJaneirode2025às15:18
724,KembaWalker-PG(2013),Karlo_76,5,SG,False,21deJaneirode2025às15:18
723,TalenHorton-Tucker-SG(2023),Masto,1,PG,False,21deJaneirode2025às15:18
722,ShawnMarion-PF(2013),Karlo_76,5,SF,False,21deJaneirode2025às15:18
721,AaronHoliday-PG(2024),Karlo_76,5,SF,False,21deJaneirode2025às15:18
720,RodStrickland-PG(1991),Karlo_76,5,SG,False,21deJaneirode2025às15:18
719,ErickDampier-C(1998),Karlo_76,5,PF,False,21deJaneirode2025às15:17
718,GeorgeMcCloud-SF(1996),Masto,1,SG,False,21deJaneirode2025às15:17
717,ChristianWood-C(2022),Masto,1,C,True,21deJaneirode2025às15:17
716,FrankJohnson-PG(1984),Karlo_76,5,PG,True,21deJaneirode2025às15:17
715,AnthonyDavis-PF(2015),Karlo_76,5,PF,True,21deJaneirode2025às15:17
714,CarmeloAnthony-PF(2020),Masto,1,SF,False,21deJaneirode2025às15:17
713,BryantReeves-C(1998),Karlo_76,5,PF,False,21deJaneirode2025às15:17
712,BismackBiyombo-C(2015),Karlo_76,5,C,True,21deJaneirode2025às15:17
711,RikSmits-C(1995),Karlo_76,5,C,True,21deJaneirode2025às15:17
710,LamarOdom-PF(2004),Karlo_76,5,SF,False,21deJaneirode2025às15:16
709,KeithVanHorn-PF(2000),Masto,1,PF,True,21deJaneirode2025às15:16
708,TimMcCormick-C(1988),Karlo_76,5,C,True,21deJaneirode2025às15:16
707,SteveFrancis-SG(2007),Karlo_76,5,SG,True,21deJaneirode2025às15:16
706,ShawneWilliams-SF(2015),Masto,1,SF,True,21deJaneirode2025às15:16
705,DaniloGallinari-PF(2011),Karlo_76,5,SF,False,21deJaneirode2025às15:15
704,QuentinRichardson-SF(2011),Gege,1,PF,False,21deJaneirode2025às15:15
703,AlvinRobertson-SG(1989),Gege,1,SG,True,21deJaneirode2025às15:15
702,KlayThompson-SF(2023),Gege,1,SF,True,21deJaneirode2025às15:15
701,KevinJohnson-PG(1988),Gege,1,PG,True,21deJaneirode2025às15:14
700,J.J.Hickson-PF(2012),Gege,1,C,False,21deJaneirode2025às15:14
699,SidneyWicks-PF(1980),Gege,1,SF,False,21deJaneirode2025às15:14
698,MontyWilliams-SF(2000),Gege,1,SG,False,21deJaneirode2025às15:14
697,GrantHill-SF(2005),Karlo_76,4,SG,False,21deJaneirode2025às15:14
696,DennisHopson-SG(1990),Gege,1,SF,False,21deJaneirode2025às15:14
695,OrlandoWoolridge-SF(1991),Karlo_76,4,PG,False,21deJaneirode2025às15:14
694,EarlBoykins-PG(2007),leomol2,1,PG,True,21deJaneirode2025às15:14
693,DomantasSabonis-PF(2022),Karlo_76,4,C,False,21deJaneirode2025às15:14
692,GeorgeLynch-SF(2002),leomol2,1,SF,True,21deJaneirode2025às15:13
691,UdonisHaslem-PF(2007),Gege,1,PF,True,21deJaneirode2025às15:13
690,AbdulJeelani-SF(1981),leomol2,1,PF,False,21deJaneirode2025às15:13
689,P.J.Tucker-SG(2013),Gege,1,SG,True,21deJaneirode2025às15:13
688,MikeConley-PG(2011),leomol2,1,SG,False,21deJaneirode2025às15:13
687,RonAnderson-SF(1992),leomol2,1,SG,False,21deJaneirode2025às15:13
686,KyleLowry-PG(2020),leomol2,1,SF,False,21deJaneirode2025às15:13
685,DennisScott-SF(1997),joaosantana,1,SG,False,21deJaneirode2025às15:13
684,CorieBlount-C(2003),leomol2,1,PF,False,21deJaneirode2025às15:13
683,MarcusThornton-SG(2017),leomol2,1,SF,False,21deJaneirode2025às15:13
682,MarkAguirre-SF(1990),joaosantana,1,PF,False,21deJaneirode2025às15:13
681,KevinGrevey-SF(1980),leomol2,1,SG,False,21deJaneirode2025às15:12
680,JaredDudley-SF(2013),joaosantana,1,SF,True,21deJaneirode2025às15:12
679,ChrisAndersen-C(2009),leomol2,1,PF,False,21deJaneirode2025às15:12
678,JamalMashburn-SF(2000),joaosantana,1,SG,False,21deJaneirode2025às15:11
677,MikeEvans-SG(1987),BGH05,2,SG,True,21deJaneirode2025às14:58
676,CaronButler-SF(2014),BGH05,2,SF,True,21deJaneirode2025às14:55
675,CourtneyLee-SG(2011),BGH05,2,PF,False,21deJaneirode2025às14:55
674,JohnnyMoore-PG(1982),BGH05,2,PG,True,21deJaneirode2025às14:54
673,DwyaneWade-SG(2016),BGH05,2,PF,False,21deJaneirode2025às14:53
672,AnthonyAvent-PF(1994),BGH05,2,PF,True,21deJaneirode2025às14:53
671,StephenCurry-PG(2024),BGH05,2,SF,False,21deJaneirode2025às14:52
670,JohnStockton-PG(1987),BGH05,2,PG,True,21deJaneirode2025às14:51
669,DeAndre'Bembry-SG(2019),BGH05,2,PF,False,21deJaneirode2025às14:50
668,GregMonroe-C(2016),BGH05,2,C,True,21deJaneirode2025às14:50
667,MichaelCurry-SF(2003),BGH05,1,SG,False,21deJaneirode2025às14:46
666,NegeleKnight-PG(1994),BGH05,1,PF,False,21deJaneirode2025às14:45
665,NateRobinson-PG(2009),BGH05,1,SF,False,21deJaneirode2025às14:43
664,EduardoNájera-SF(2003),BGH05,1,PF,False,21deJaneirode2025às14:42
663,NikolaJokić-C(2024),BGH05,1,C,True,21deJaneirode2025às14:42
662,CodyZeller-C(2016),BGH05,1,PF,False,21deJaneirode2025às14:41
661,DonovanMitchell-PG(2021),BGH05,1,SG,False,21deJaneirode2025às14:40
660,BradleyBeal-SG(2015),BGH05,1,SF,False,21deJaneirode2025às14:39
659,WaltWilliams-SF(1998),BGH05,1,SG,False,21deJaneirode2025às14:38
658,KhrisMiddleton-SF(2023),BGH05,1,PG,False,21deJaneirode2025às14:37
657,RayWilliams-PG(1981),rmapage,1,SG,False,21deJaneirode2025às14:36
656,ChrisMullin-SF(1994),rmapage,1,SG,False,21deJaneirode2025às14:36
655,ClarkKellogg-PF(1983),rmapage,1,C,False,21deJaneirode2025às14:36
654,DannyGreen-SG(2015),rmapage,1,SF,False,21deJaneirode2025às14:35
653,RikSmits-C(1993),rmapage,1,PF,False,21deJaneirode2025às14:35
652,MikalBridges-SF(2021),rmapage,1,SF,True,21deJaneirode2025às14:35
651,MoWilliams-PG(2011),rmapage,1,PG,True,21deJaneirode2025às14:34
650,ZachCollins-C(2018),rmapage,1,PF,False,21deJaneirode2025às14:34
649,MarkEaton-C(1989),leomol,2,PF,False,21deJaneirode2025às14:33
648,BobGross-SF(1980),leomol,2,SF,True,21deJaneirode2025às14:33
647,ShermanDouglas-PG(1999),rmapage,1,SG,False,21deJaneirode2025às14:33
646,KobeBryant-SF(2016),leomol,2,SG,False,21deJaneirode2025às14:33
645,CarmeloAnthony-SF(2010),leomol,2,SG,False,21deJaneirode2025às14:33
644,JeffMcInnis-PG(2008),leomol,2,SG,False,21deJaneirode2025às14:33
643,LeandroBarbosa-SG(2011),leomol,2,SG,True,21deJaneirode2025às14:33
642,JeffFoster-C(2007),leomol,2,C,True,21deJaneirode2025às14:33
641,JohnWilliams-SF(1994),leomol,2,SG,False,21deJaneirode2025às14:33
640,MoWilliams-PG(2007),rmapage,1,SG,False,21deJaneirode2025às14:32
639,MikeNewlin-SG(1982),Samis,2,PG,False,21deJaneirode2025às14:32
638,OthellaHarrington-PF(1998),Samis,2,C,False,21deJaneirode2025às14:32
637,DominiqueWilkins-SF(1995),rmapage,1,SG,False,21deJaneirode2025às14:32
636,CarmeloAnthony-SF(2009),Samis,2,SF,True,21deJaneirode2025às14:32
635,AlHorford-C(2019),leomol,2,SF,False,21deJaneirode2025às14:32
634,TomTolbert-PF(1993),Samis,2,SF,False,21deJaneirode2025às14:32
633,NenadKrstić-C(2011),leomol,2,PF,False,21deJaneirode2025às14:32
632,JoséCalderón-PG(2007),rmapage,1,PG,True,21deJaneirode2025às14:31
631,ShareefAbdur-Rahim-SF(2000),leomol,2,SF,True,21deJaneirode2025às14:31
630,LeandroBarbosa-SG(2006),Samis,2,SF,False,21deJaneirode2025às14:31
629,EddieJones-SG(2003),Samis,2,SF,False,21deJaneirode2025às14:31
628,DarrellArthur-PF(2016),Samis,2,SF,False,21deJaneirode2025às14:30
627,DavidRobinson-C(1998),Samis,2,PF,False,21deJaneirode2025às14:30
626,MikeBibby-PG(2005),leomol,2,PG,True,21deJaneirode2025às14:30
625,CarlosRogers-PF(1997),Samis,2,PF,True,21deJaneirode2025às14:30
624,CharlesBarkley-PF(1998),leomol,2,C,False,21deJaneirode2025às14:30
623,EddyCurry-C(2002),leomol,2,PF,False,21deJaneirode2025às14:30
622,KevinGamble-SF(1991),leomol,2,PF,False,21deJaneirode2025às14:30
621,SamMitchell-SF(1998),Samis,2,SF,True,21deJaneirode2025às14:30
620,KendallGill-SG(1992),leomol,2,SG,True,21deJaneirode2025às14:30
619,BrendanHaywood-C(2007),leomol,2,C,True,21deJaneirode2025às14:30
618,JakobPoeltl-C(2023),leomol,2,C,True,21deJaneirode2025às14:29
617,RobinLopez-C(2016),leomol,2,C,True,21deJaneirode2025às14:29
616,SamCassell-PG(2004),Samis,2,SG,False,21deJaneirode2025às14:29
615,JoséCalderón-PG(2010),leomol,2,SG,False,21deJaneirode2025às14:29
614,LarryNanceJr.-C(2023),Kizz,1,SG,False,21deJaneirode2025às14:28
613,AntawnJamison-SF(2001),Kizz,1,SF,True,21deJaneirode2025às14:28
612,LeBronJames-PF(2014),arthp14,1,SG,False,21deJaneirode2025às14:26
611,KennyCarr-PF(1980),arthp14,1,C,False,21deJaneirode2025às14:26
610,SteveMix-SF(1982),arthp14,1,SF,True,21deJaneirode2025às14:26
609,RashoNesterović-C(2005),arthp14,1,C,True,21deJaneirode2025às14:25
608,EddieJohnson-SF(1984),arthp14,1,SF,True,21deJaneirode2025às14:25
607,BrianShaw-PG(1995),arthp14,1,PG,True,21deJaneirode2025às14:25
606,LeBronJames-C(2022),arthp14,1,PG,False,21deJaneirode2025às14:25
605,RexChapman-SG(1990),arthp14,1,PG,False,21deJaneirode2025às14:24
604,RyanHollins-C(2011),arthp14,1,PF,False,21deJaneirode2025às14:24
603,VernonMaxwell-SG(1989),arthp14,1,SG,True,21deJaneirode2025às14:24
602,AndrewDeClercq-C(2004),arthp14,1,PF,False,21deJaneirode2025às14:23
601,LaPhonsoEllis-PF(1994),raphasanti,1,C,False,21deJaneirode2025às14:22
600,KostasPapanikolaou-SF(2015),raphasanti,1,SG,False,21deJaneirode2025às14:22
599,RonnyTuriaf-C(2008),raphasanti,1,C,True,21deJaneirode2025às14:22
598,BrianRowsom-PF(1989),raphasanti,1,PF,True,21deJaneirode2025às14:22
597,DerrickColeman-PF(1991),raphasanti,1,PF,True,21deJaneirode2025às14:21
596,CarmeloAnthony-SF(2007),raphasanti,1,SG,False,21deJaneirode2025às14:21
595,MatisseThybulle-SG(2022),raphasanti,1,SF,False,21deJaneirode2025às14:21
594,J.R.Reid-C(1991),raphasanti,1,SF,False,21deJaneirode2025às14:21
593,AlonzoMourning-C(1993),raphasanti,1,C,True,21deJaneirode2025às14:20
592,MarkoJarić-PG(2005),raphasanti,1,PG,True,21deJaneirode2025às14:20
591,RodFoster-PG(1985),raphasanti,1,SG,False,21deJaneirode2025às14:20
590,JaredDudley-PF(2008),raphasanti,1,SF,False,21deJaneirode2025às14:20
589,BobMcAdoo-C(1982),Karlo_76,3,C,True,21deJaneirode2025às14:20
588,JuliusErving-SF(1986),raphasanti,1,SF,True,21deJaneirode2025às14:20
587,BillHanzlik-SF(1981),raphasanti,1,SG,False,21deJaneirode2025às14:20
586,HassanWhiteside-C(2021),raphasanti,1,C,True,21deJaneirode2025às14:20
585,OtisThorpe-PF(1992),raphasanti,1,PF,True,21deJaneirode2025às14:19
584,NajiMarshall-SF(2024),raphasanti,1,SF,True,21deJaneirode2025às14:19
583,DanteCunningham-PF(2011),raphasanti,1,PF,True,21deJaneirode2025às14:19
582,BradMiller-C(2001),raphasanti,1,C,True,21deJaneirode2025às14:19
581,LarryBird-PF(1982),raphasanti,1,PF,True,21deJaneirode2025às14:19
580,MarquisDaniels-SF(2011),raphasanti,1,SG,False,21deJaneirode2025às14:19
579,DennisSmithJr.-PG(2020),raphasanti,1,PG,True,21deJaneirode2025às14:18
578,TreJones-PG(2023),raphasanti,1,PG,True,21deJaneirode2025às14:17
577,ArvydasSabonis-C(2000),raphasanti,1,C,True,21deJaneirode2025às14:17
576,KevinJohnson-PG(1988),raphasanti,1,PG,True,21deJaneirode2025às14:17
575,GrantLong-PF(1992),raphasanti,1,PF,True,21deJaneirode2025às14:17
574,LouWilliams-SG(2009),raphasanti,1,SG,True,21deJaneirode2025às14:17
573,DarwinCook-PG(1983),raphasanti,1,PG,True,21deJaneirode2025às14:16
572,ChrisMihm-C(2001),Marden,1,SG,False,21deJaneirode2025às13:57
571,MarkAguirre-SF(1991),Marden,1,SF,True,21deJaneirode2025às13:57
570,KendallGill-SG(2003),Marden,1,C,False,21deJaneirode2025às13:57
569,RandyLivingston-PG(1997),Marden,1,PG,True,21deJaneirode2025às13:57
568,LukaDončić-PG(2022),Marden,1,PF,False,21deJaneirode2025às13:57
567,PauGasol-PF(2004),Marden,1,SG,False,21deJaneirode2025às13:57
566,PJDozier-SG(2021),Marden,1,C,False,21deJaneirode2025às13:57
565,VinBaker-PF(1996),Marden,1,SF,False,21deJaneirode2025às13:56
564,AntoineCarr-PF(1989),Marden,1,C,False,21deJaneirode2025às13:56
563,DerrickFavors-PF(2016),Marden,1,SF,False,21deJaneirode2025às13:56
562,WallyWalker-SF(1983),Marden,1,PG,False,21deJaneirode2025às13:56
546,JohnnyMoore-PG(1985),Bagre,2,PG,True,17deJaneirode2025às01:41
545,EvanFournier-SF(2020),Bagre,2,SG,False,17deJaneirode2025às01:41
544,SamDekker-PF(2017),Bagre,2,C,False,17deJaneirode2025às01:41
543,GeraldHenderson-SG(2013),Bagre,2,PG,False,17deJaneirode2025às01:41
542,AlecBurks-SG(2024),Bagre,2,SF,False,17deJaneirode2025às01:39
541,TerryDavis-PF(1992),Bagre,2,PF,True,17deJaneirode2025às01:39
540,ElvinHayes-PF(1980),Bagre,2,PG,False,17deJaneirode2025às01:39
539,CarlosBoozer-PF(2003),Bagre,2,C,False,17deJaneirode2025às01:38
538,DavidWood-PF(1996),Bagre,2,SF,False,17deJaneirode2025às01:37
537,VladeDivac-C(1995),Bagre,2,PF,False,17deJaneirode2025às01:36
536,StaceyAugmon-SG(1997),CarlosEduardo,1,SF,False,17deJaneirode2025às01:09
535,BogdanBogdanović-SG(2021),CarlosEduardo,1,PG,False,17deJaneirode2025às01:09
534,TroyMurphy-PF(2005),CarlosEduardo,1,PF,True,17deJaneirode2025às01:09
533,BradDaugherty-C(1994),CarlosEduardo,1,C,True,17deJaneirode2025às01:09
532,RashoNesterović-C(2009),CarlosEduardo,1,PF,False,17deJaneirode2025às01:09
531,GaryPaytonII-SG(2024),CarlosEduardo,1,SG,True,17deJaneirode2025às01:08
530,BrandonIngram-SF(2024),CarlosEduardo,1,SG,False,17deJaneirode2025às01:08
529,LukeRidnour-PG(2010),CarlosEduardo,1,PG,True,17deJaneirode2025às01:08
528,KyleKuzma-PF(2020),CarlosEduardo,1,SF,False,17deJaneirode2025às01:08
527,AntonioDaniels-PG(2005),CarlosEduardo,1,SG,False,17deJaneirode2025às01:08
526,DesmondMason-SF(2008),CarlosEduardo,1,PF,False,17deJaneirode2025às01:07
525,BradLohaus-PF(1993),CarlosEduardo,1,SF,False,17deJaneirode2025às01:07
524,KendrickPerkins-C(2009),Pwendelin,1,C,True,17deJaneirode2025às00:30
523,SteveHarris-SG(1988),Pwendelin,1,PF,False,17deJaneirode2025às00:30
522,DavidWesley-PG(1998),Pwendelin,1,PG,True,17deJaneirode2025às00:29
521,KenrichWilliams-PF(2023),Pwendelin,1,SF,False,17deJaneirode2025às00:29
520,VladeDivac-C(1998),Pwendelin,1,SF,False,17deJaneirode2025às00:29
519,NikolaJokić-C(2016),Pwendelin,1,PF,False,17deJaneirode2025às00:29
518,DerrickMcKey-SF(1995),Pwendelin,1,SF,True,17deJaneirode2025às00:29
517,JonathonSimmons-SG(2018),Pwendelin,1,SF,False,17deJaneirode2025às00:29
516,KurtThomas-C(2003),Pwendelin,1,PF,False,17deJaneirode2025às00:29
515,AndrayBlatche-C(2013),Pwendelin,1,PF,False,17deJaneirode2025às00:29
514,CaldwellJones-C(1982),Pwendelin,1,C,True,17deJaneirode2025às00:29
513,TajGibson-PF(2017),Pwendelin,1,PF,True,17deJaneirode2025às00:28
512,MauriceCheeks-PG(1981),Pwendelin,1,PF,False,17deJaneirode2025às00:28
511,JamalMashburn-SF(2000),Pwendelin,1,SF,True,17deJaneirode2025às00:28
510,ŠarūnasJasikevičius-SG(2007),Pwendelin,1,PG,False,17deJaneirode2025às00:28
509,StephonMarbury-PG(2007),Pwendelin,1,SG,False,17deJaneirode2025às00:28
508,CorlissWilliamson-PF(2004),Pwendelin,1,SF,False,17deJaneirode2025às00:28
507,ManuGinóbili-SG(2018),Pwendelin,1,SF,False,17deJaneirode2025às00:27
506,RoyHinson-PF(1985),Pwendelin,1,C,False,17deJaneirode2025às00:27
505,ChrisMihm-C(2005),Pwendelin,1,C,True,17deJaneirode2025às00:27
504,JimMcIlvaine-C(1998),Pwendelin,1,C,True,17deJaneirode2025às00:27
503,ShaiGilgeous-Alexander-PG(2019),Pwendelin,1,SG,False,17deJaneirode2025às00:26
502,DevinBrown-SG(2007),Pwendelin,1,SG,True,17deJaneirode2025às00:26
501,SeanElliott-SF(1996),Rafa9martins,2,SF,True,17deJaneirode2025às00:09
500,SamuelDalembert-C(2015),Rafa9martins,2,C,True,17deJaneirode2025às00:08
499,RodneyStuckey-PG(2016),Rafa9martins,2,SG,False,17deJaneirode2025às00:08
498,JamesBailey-PF(1984),Rafa9martins,2,PF,True,17deJaneirode2025às00:08
497,AndrayBlatche-C(2013),Rafa9martins,2,PF,False,17deJaneirode2025às00:08
496,DarrellArmstrong-PG(2007),Rafa9martins,2,SF,False,17deJaneirode2025às00:08
495,DavidRobinson-C(2002),Rafa9martins,2,C,True,17deJaneirode2025às00:08
494,TerryPorter-PG(1997),Rafa9martins,2,SG,False,17deJaneirode2025às00:07
493,SeanWilliams-C(2008),Rafa9martins,2,C,True,17deJaneirode2025às00:07
492,MalikRose-PF(2002),Rafa9martins,2,C,False,17deJaneirode2025às00:07
491,GoranDragić-SG(2015),Rafa9martins,2,SG,True,17deJaneirode2025às00:07
490,AnthonyCarter-PG(2002),Rafa9martins,2,SF,False,17deJaneirode2025às00:07
489,VitalyPotapenko-C(2004),Rafa9martins,2,C,True,17deJaneirode2025às00:07
488,PurvisShort-SF(1986),Rafa9martins,2,SF,True,17deJaneirode2025às00:07
487,RaymondFelton-PG(2011),Rafa9martins,2,PG,True,17deJaneirode2025às00:07
486,BobbyJackson-PG(2006),Rafa9martins,2,SG,False,17deJaneirode2025às00:07
485,TorreyCraig-PF(2023),Rafa9martins,2,SF,False,17deJaneirode2025às00:06
484,BonziWells-SG(2006),Rafa9martins,2,PF,False,17deJaneirode2025às00:06
483,JohnSalmons-SF(2012),Rafa9martins,2,SG,False,17deJaneirode2025às00:06
482,EricMurdock-PG(1998),Rafa9martins,2,SF,False,17deJaneirode2025às00:06
481,CadeCunningham-SG(2022),Rafa9martins,2,SF,False,17deJaneirode2025às00:06
480,ScottWilliams-PF(1995),Rafa9martins,2,C,False,17deJaneirode2025às00:06
479,RolandoBlackman-SG(1994),Rafa9martins,2,SG,True,17deJaneirode2025às00:05
478,AndrewLang-C(1996),Rafa9martins,2,C,True,17deJaneirode2025às00:05
477,MikeMiller-SF(2009),Rafa9martins,2,PG,False,17deJaneirode2025às00:05
476,WayneEllington-SG(2018),Rafa9martins,1,C,False,16deJaneirode2025às20:45
475,IshSmith-PG(2019),Rafa9martins,1,PF,False,16deJaneirode2025às20:45
474,DougMcDermott-SF(2018),Rafa9martins,1,PG,False,16deJaneirode2025às20:45
473,TaureanPrince-SF(2018),Rafa9martins,1,SG,False,16deJaneirode2025às20:45
472,LanceThomas-PF(2019),Rafa9martins,1,SF,False,16deJaneirode2025às20:45
471,NicolasBatum-SF(2016),Fabio61,2,PG,False,15deJaneirode2025às16:51
470,AnthonyTolliver-SF(2012),Fabio61,2,PF,False,15deJaneirode2025às16:51
469,CharlieVillanueva-PF(2013),Fabio61,2,SF,False,15deJaneirode2025às16:51
468,MarcIavaroni-PF(1984),Fabio61,2,PF,True,15deJaneirode2025às16:51
467,DenzelValentine-SG(2018),Fabio61,2,PG,False,15deJaneirode2025às16:51
466,BimboColes-PG(1995),Fabio61,2,PG,True,15deJaneirode2025às16:51
465,MichaelFinley-SG(2006),Fabio61,2,SG,True,15deJaneirode2025às16:51
464,DariusBazley-PF(2020),Fabio61,2,PF,True,15deJaneirode2025às16:51
463,HerbWilliams-C(1982),Fabio61,2,C,True,15deJaneirode2025às16:50
462,MarquisDaniels-SF(2009),Fabio61,2,PF,False,15deJaneirode2025às16:50
461,ChrisMills-SF(1999),Fabio61,2,SF,True,15deJaneirode2025às16:50
460,LanceStephenson-SG(2014),Fabio61,2,PG,False,15deJaneirode2025às16:50
459,RodneyCarney-SG(2009),Fabio61,2,SG,True,15deJaneirode2025às16:50
458,MaxStrus-SF(2023),Fabio61,2,SF,True,15deJaneirode2025às16:50
457,AustinRivers-SG(2016),Fabio61,2,SG,True,15deJaneirode2025às16:49
456,PatConnaughton-SF(2024),Fabio61,2,SF,True,15deJaneirode2025às16:49
455,TyroneCorbin-SF(1990),Fabio61,2,C,False,15deJaneirode2025às16:49
454,BillCartwright-C(1991),Fabio61,2,C,True,15deJaneirode2025às16:49
453,DionWaiters-SG(2013),Fabio61,2,SF,False,15deJaneirode2025às16:49
452,WorldB.Free-SG(1983),Fabio61,2,SG,True,15deJaneirode2025às16:49
451,ChuckHayes-PF(2008),Fabio61,2,C,False,15deJaneirode2025às16:48
450,TerryPorter-PG(1998),Fabio61,2,SF,False,15deJaneirode2025às16:48
449,P.J.Brown-PF(2003),Fabio61,2,C,False,15deJaneirode2025às16:48
448,DevinVassell-SG(2024),Fabio61,2,SG,True,15deJaneirode2025às16:48
447,MikeBratz-PG(1981),Fabio61,2,PG,True,15deJaneirode2025às16:48
446,TrentTucker-SG(1987),Pedro,1,SG,True,15deJaneirode2025às00:14
445,NikolaVučević-C(2015),Pedro,1,C,True,15deJaneirode2025às00:14
444,IsaiahCanaan-SG(2016),Pedro,1,SG,True,15deJaneirode2025às00:14
443,BimboColes-PG(1996),Pedro,1,SF,False,15deJaneirode2025às00:13
442,NickVanExel-PG(2000),Pedro,1,PG,True,15deJaneirode2025às00:13
441,HakeemOlajuwon-C(1996),Pedro,1,PF,False,15deJaneirode2025às00:12
440,JohnWilliams-SF(1994),Pedro,1,SF,True,15deJaneirode2025às00:12
439,SteveSmith-SG(1992),Pedro,1,SF,False,15deJaneirode2025às00:12
438,SamCassell-PG(1994),Pedro,1,PG,True,15deJaneirode2025às00:12
437,KerryKittles-SG(2003),Pedro,1,SG,True,15deJaneirode2025às00:11
436,BaronDavis-PG(2011),otaviooasl,3,PG,True,14deJaneirode2025às21:44
435,StromileSwift-PF(2002),otaviooasl,3,PF,True,14deJaneirode2025às21:44
434,RayAllen-SG(2001),otaviooasl,3,SG,True,14deJaneirode2025às21:44
433,JasonCaffey-PF(2003),otaviooasl,3,PF,True,14deJaneirode2025às21:43
432,PaulThompson-SF(1985),otaviooasl,3,SF,True,14deJaneirode2025às21:43
431,AaronGordon-PF(2019),otaviooasl,3,SF,False,14deJaneirode2025às21:43
430,PaulPierce-SF(2015),otaviooasl,3,SF,True,14deJaneirode2025às21:43
429,DaleDavis-C(2005),otaviooasl,3,C,True,14deJaneirode2025às21:43
428,SteveJohnson-C(1982),otaviooasl,3,C,True,14deJaneirode2025às21:43
427,CameronJohnson-PF(2020),otaviooasl,3,SF,False,14deJaneirode2025às21:42
426,IvanJohnson-PF(2012),otaviooasl,1,C,False,14deJaneirode2025às21:32
425,DaleDavis-C(2002),otaviooasl,1,PF,False,14deJaneirode2025às21:32
424,DejounteMurray-PG(2022),otaviooasl,1,PG,True,14deJaneirode2025às21:32
423,ArtisGilmore-C(1987),otaviooasl,1,C,True,14deJaneirode2025às21:32
422,AndreMiller-PG(2013),otaviooasl,1,PG,True,14deJaneirode2025às21:32
421,JoshJackson-SF(2022),otaviooasl,1,SG,False,14deJaneirode2025às21:31
420,GordanGiriček-SG(2003),otaviooasl,1,PF,False,14deJaneirode2025às21:31
419,DerekFisher-PG(2003),otaviooasl,1,SF,False,14deJaneirode2025às21:31
418,DavidLee-PF(2014),otaviooasl,1,C,False,14deJaneirode2025às21:30
417,ToniKukoč-SF(2001),otaviooasl,1,PF,False,14deJaneirode2025às21:30
416,VernonMaxwell-PG(1996),gustavogodinho,1,PG,True,14deJaneirode2025às19:04
415,LorenzenWright-C(2000),gustavogodinho,1,C,True,14deJaneirode2025às19:03
414,BradDavis-PG(1983),gustavogodinho,1,PF,False,14deJaneirode2025às19:03
413,ArtLong-PF(2002),gustavogodinho,1,SG,False,14deJaneirode2025às19:03
412,EmekaOkafor-C(2007),gustavogodinho,1,C,True,14deJaneirode2025às19:02
411,AndreaBargnani-C(2014),gustavogodinho,1,C,True,14deJaneirode2025às19:02
410,PearlWashington-PG(1988),gustavogodinho,1,PG,True,14deJaneirode2025às19:02
409,GeraldWallace-SF(2005),gustavogodinho,1,C,False,14deJaneirode2025às19:01
408,JasonTerry-PG(2014),gustavogodinho,1,SF,False,14deJaneirode2025às19:01
407,JimPaxson-SG(1987),gustavogodinho,1,SG,True,14deJaneirode2025às19:01
406,JerryStackhouse-SG(1999),LucasPerez,1,SF,False,14deJaneirode2025às16:39
405,AnferneeHardaway-SF(2005),LucasPerez,1,PF,False,14deJaneirode2025às16:39
404,SteveNovak-PF(2009),LucasPerez,1,SF,False,14deJaneirode2025às16:39
403,JordanNwora-SF(2023),LucasPerez,1,SG,False,14deJaneirode2025às16:39
402,GeoffHuston-PG(1982),LucasPerez,1,PF,False,14deJaneirode2025às16:38
401,AnthonyMorrow-PG(2009),LucasPerez,1,PG,False,14deJaneirode2025às16:38
400,BobElliott-C(1981),LucasPerez,1,PF,False,14deJaneirode2025às16:38
399,KennyThomas-PF(2002),LucasPerez,1,PF,True,14deJaneirode2025às16:38
398,AndreiKirilenko-PF(2009),LucasPerez,1,PF,True,14deJaneirode2025às16:38
397,KenNorman-SF(1996),LucasPerez,1,C,False,14deJaneirode2025às16:37
373,TruckRobinson-PF(1984),filipe,1,C,False,19deDezembrode2024às01:06
372,TerryDavis-PF(1993),filipe,1,C,False,19deDezembrode2024às01:06
371,LouWilliams-PG(2010),filipe,1,PG,True,19deDezembrode2024às01:06
370,EddieRobinson-SF(2003),filipe,1,SF,True,19deDezembrode2024às01:06
369,RodrickRhodes-SF(1998),filipe,1,PF,False,19deDezembrode2024às01:05
368,DaveCorzine-C(1985),filipe,1,PF,False,19deDezembrode2024às01:05
367,J.R.Smith-SG(2005),filipe,1,PG,False,19deDezembrode2024às01:04
366,BobLanier-C(1982),filipe,1,PF,False,19deDezembrode2024às01:04
365,JaeCrowder-SF(2013),filipe,1,SG,False,19deDezembrode2024às01:03
364,TysonChandler-C(2007),filipe,1,C,True,19deDezembrode2024às01:03
348,JamesJohnson-SF(2013),matheus,17,C,False,17deDezembrode2024às01:26
347,PeteChilcutt-PF(1995),matheus,17,C,False,17deDezembrode2024às01:26
346,TobiasHarris-PF(2016),matheus,17,C,False,17deDezembrode2024às01:26
345,RodneyStuckey-SG(2013),matheus,17,C,False,17deDezembrode2024às01:26
344,GregAnthony-PG(1997),matheus,17,C,False,17deDezembrode2024às01:26
343,GaryPayton-PG(2006),matheus,17,C,False,17deDezembrode2024às01:26
342,GaryPayton-PG(2006),matheus,17,C,False,17deDezembrode2024às01:26
341,JohnSalley-PF(1989),matheus,17,C,False,17deDezembrode2024às01:26
340,KenrichWilliams-PF(2021),matheus,17,C,False,17deDezembrode2024às01:26
339,DellCurry-SG(1998),matheus,17,C,False,17deDezembrode2024às01:26
338,JaredDudley-SF(2014),matheus,17,C,False,17deDezembrode2024às01:26
337,DennisRodman-PF(1997),matheus,17,C,False,17deDezembrode2024às01:26
336,GeorgeMcCloud-SF(1992),matheus,17,C,False,17deDezembrode2024às01:26
335,MagicJohnson-PG(1984),matheus,16,PF,False,17deDezembrode2024às01:25
334,DesmondMason-SF(2002),matheus,16,PF,False,17deDezembrode2024às01:25
333,GlenRice-SF(1998),matheus,16,PF,False,17deDezembrode2024às01:25
332,ChrisWhitney-PG(2002),matheus,16,PF,False,17deDezembrode2024às01:25
331,DevinBooker-SG(2016),matheus,16,PF,False,17deDezembrode2024às01:25
330,MookieBlaylock-PG(1996),matheus,16,PF,False,17deDezembrode2024às01:25
329,MikeJames-PG(2004),matheus,16,PF,False,17deDezembrode2024às01:25
328,DarnellValentine-PG(1984),matheus,16,PF,False,17deDezembrode2024às01:25
327,JordanFarmar-PG(2011),matheus,16,PF,False,17deDezembrode2024às01:25
326,TimDuncan-C(2012),matheus,16,PF,False,17deDezembrode2024às01:25
325,EricMontross-C(1995),matheus,16,PF,False,17deDezembrode2024às01:25
324,RickyBerry-SG(1989),matheus,15,SF,False,17deDezembrode2024às00:46
323,TonyBattie-C(2005),matheus,15,SF,False,17deDezembrode2024às00:46
322,MichaelFinley-SF(1996),matheus,15,SF,True,17deDezembrode2024às00:46
321,PatCummings-PF(1987),matheus,15,SF,False,17deDezembrode2024às00:46
320,JeromeJames-C(2002),matheus,15,SF,False,17deDezembrode2024às00:46
319,SteveSmith-SG(1996),matheus,15,SF,False,17deDezembrode2024às00:46
318,CraigHodges-SG(1986),matheus,15,SF,False,17deDezembrode2024às00:46
317,EddieJones-SG(1996),matheus,15,SF,False,17deDezembrode2024às00:46
316,OtisThorpe-PF(1994),matheus,15,SF,False,17deDezembrode2024às00:46
315,DwyaneWade-SG(2018),matheus,15,SF,False,17deDezembrode2024às00:45
314,MattBarnes-SF(2014),mibrahim,14,SG,False,17deDezembrode2024às00:42
313,MarkelleFultz-PG(2023),mibrahim,14,PG,True,17deDezembrode2024às00:42
312,AndrewToney-PG(1984),mibrahim,14,PG,False,17deDezembrode2024às00:41
311,XavierHenry-SG(2012),mibrahim,14,SF,False,17deDezembrode2024às00:41
310,MoBamba-C(2022),mibrahim,14,C,True,17deDezembrode2024às00:41
309,DeMarcusCousins-C(2018),mibrahim,14,SF,False,17deDezembrode2024às00:41
308,LeeMayberry-PG(1995),mibrahim,14,PG,True,17deDezembrode2024às00:41
307,ShaiGilgeous-Alexander-SG(2021),mibrahim,14,PG,False,17deDezembrode2024às00:41
306,KyleLowry-PG(2011),mibrahim,14,PG,True,17deDezembrode2024às00:41
305,AnthonyJohnson-PG(2006),mibrahim,14,PG,True,17deDezembrode2024às00:41
304,GeraldGreen-SG(2015),pedro.olmo,2,SG,True,16deDezembrode2024às17:28
303,JimBrogan-SG(1982),pedro.olmo,2,SF,False,16deDezembrode2024às17:28
302,RichardJefferson-SF(2010),pedro.olmo,2,SF,True,16deDezembrode2024às17:27
301,SamuelDalembert-C(2011),pedro.olmo,2,C,True,16deDezembrode2024às17:27
300,TreeRollins-C(1982),pedro.olmo,2,C,True,16deDezembrode2024às17:27
299,TreyBurke-PG(2016),pedro.olmo,2,SG,False,16deDezembrode2024às17:27
298,CedricCeballos-SF(1997),pedro.olmo,2,SF,True,16deDezembrode2024às17:26
297,GaryNeal-SG(2016),pedro.olmo,2,SG,True,16deDezembrode2024às17:26
296,AndrewLang-C(1996),pedro.olmo,2,PF,False,16deDezembrode2024às17:25
295,T.R.Dunn-SG(1986),pedro.olmo,2,PF,False,16deDezembrode2024às17:25
294,ChrisGatling-PF(1997),mibrahim,13,C,False,16deDezembrode2024às16:40
293,DerrickMcKey-SF(1989),mibrahim,13,C,False,16deDezembrode2024às16:40
292,De'AndreHunter-SF(2023),mibrahim,13,PF,False,16deDezembrode2024às16:40
291,WaltWilliams-SF(2000),mibrahim,13,SG,False,16deDezembrode2024às16:40
290,CliffordRobinson-SF(1996),mibrahim,13,SF,True,16deDezembrode2024às16:40
289,DanGadzuric-C(2004),mibrahim,13,C,True,16deDezembrode2024às16:40
288,JohnWilliams-SF(1993),mibrahim,13,SF,True,16deDezembrode2024às16:40
287,RobinLopez-C(2021),mibrahim,13,C,True,16deDezembrode2024às16:40
286,RudyGobert-C(2015),mibrahim,13,C,True,16deDezembrode2024às16:40
285,DerekHarper-PG(1988),mibrahim,13,PG,True,16deDezembrode2024às16:40
284,DennisJohnson-PG(1981),mibrahim,12,SF,False,16deDezembrode2024às16:11
283,YaoMing-C(2005),mibrahim,12,SF,False,16deDezembrode2024às16:11
282,AveryBradley-SG(2019),mibrahim,12,SF,False,16deDezembrode2024às16:11
281,DeMarcusCousins-C(2019),mibrahim,12,SF,False,16deDezembrode2024às16:11
280,JuliusErving-SF(1985),mibrahim,12,SF,True,16deDezembrode2024às16:11
279,JuwanHoward-PF(1996),mibrahim,12,SF,False,16deDezembrode2024às16:11
278,DwyaneWade-SG(2006),mibrahim,12,SF,False,16deDezembrode2024às16:11
277,ThéoMaledon-PG(2023),mibrahim,12,SF,False,16deDezembrode2024às16:11
276,BrandonIngram-SF(2019),mibrahim,12,SF,True,16deDezembrode2024às16:11
275,CarlLandry-PF(2008),mibrahim,12,C,False,16deDezembrode2024às16:04
274,EricMaynor-PG(2010),pedro.olmo,1,PG,True,16deDezembrode2024às13:08
273,EldenCampbell-C(1999),pedro.olmo,1,C,True,16deDezembrode2024às13:08
272,ShaquilleO'Neal-C(2008),pedro.olmo,1,C,True,16deDezembrode2024às13:07
271,RasheedWallace-PF(2004),pedro.olmo,1,SF,False,16deDezembrode2024às13:07
270,DougWest-SG(1998),pedro.olmo,1,C,False,16deDezembrode2024às13:06
269,MosesMoody-SG(2024),pedro.olmo,1,SF,False,16deDezembrode2024às13:05
268,CharlesBarkley-PF(1987),pedro.olmo,1,SF,False,16deDezembrode2024às13:04
267,JasonRichardson-SF(2008),pedro.olmo,1,SG,False,16deDezembrode2024às13:03
266,BenoitBenjamin-C(1988),pedro.olmo,1,C,True,16deDezembrode2024às13:02
265,KawhiLeonard-SF(2021),pedro.olmo,1,SG,False,16deDezembrode2024às13:01
253,MarkWest-C(1990),mibrahim,11,C,True,12deDezembrode2024às17:35
252,DwightHoward-C(2015),mibrahim,11,C,True,12deDezembrode2024às17:35
251,SamMitchell-SF(2000),mibrahim,11,SF,True,12deDezembrode2024às17:35
250,TylerUlis-PG(2018),mibrahim,11,PG,True,12deDezembrode2024às17:34
249,LamarOdom-SF(2012),mibrahim,11,C,False,12deDezembrode2024às17:33
248,JohnnyMoore-PG(1984),mibrahim,11,PG,True,12deDezembrode2024às17:32
247,PoohRichardson-PG(1996),mibrahim,11,PG,True,12deDezembrode2024às17:32
246,JarenJackson-SG(1999),mibrahim,11,SG,True,12deDezembrode2024às17:32
245,AdrianGriffin-SG(2002),mibrahim,11,SG,True,12deDezembrode2024às17:31
244,DrewEubanks-C(2024),mibrahim,11,C,True,12deDezembrode2024às17:30
243,GorguiDieng-C(2020),matheus,12,C,True,11deDezembrode2024às18:55
242,HarveyGrant-PF(1990),matheus,12,PF,True,11deDezembrode2024às18:55
241,DetlefSchrempf-PF(1990),matheus,12,PF,True,11deDezembrode2024às18:54
240,JamesPosey-SF(2001),matheus,12,SF,True,11deDezembrode2024às18:54
239,JamesEdwards-C(1980),matheus,12,C,True,11deDezembrode2024às18:54
238,DevinHarris-PG(2011),matheus,12,PG,True,11deDezembrode2024às18:54
237,GregBuckner-SG(2007),matheus,12,SG,True,11deDezembrode2024às18:54
236,LarrySanders-C(2013),mibrahim,10,C,True,11deDezembrode2024às14:18
235,EricWilliams-SG(2005),mibrahim,10,SF,False,11deDezembrode2024às14:18
234,AlvinScott-SF(1980),mibrahim,10,PF,False,11deDezembrode2024às14:18
233,DanteExum-PG(2015),mibrahim,10,SG,False,11deDezembrode2024às14:18
232,RichardDumas-SF(1993),mibrahim,10,SF,True,11deDezembrode2024às14:18
231,JanneroPargo-PG(2007),mibrahim,10,PG,True,11deDezembrode2024às14:17
230,MuggsyBogues-PG(1995),mibrahim,10,PG,True,11deDezembrode2024às14:17
229,VitalyPotapenko-C(2000),mibrahim,10,C,True,11deDezembrode2024às14:17
228,ChrisPaul-PG(2008),mibrahim,10,PG,True,11deDezembrode2024às14:17
227,GeorgeMcGinnis-PF(1982),mibrahim,10,C,False,11deDezembrode2024às14:17
226,AndrayBlatche-C(2013),mibrahim,10,C,True,11deDezembrode2024às14:16
225,JoshHoward-SF(2005),mibrahim,10,SF,True,11deDezembrode2024às14:16
224,DaleDavis-C(1998),mibrahim,10,C,True,11deDezembrode2024às14:16
223,LukeKennard-SG(2022),mmm,2,PF,False,11deDezembrode2024às00:26
222,EmekaOkafor-C(2013),mmm,2,PG,False,11deDezembrode2024às00:26
221,CourtneyLee-SG(2011),mmm,2,SG,True,11deDezembrode2024às00:26
220,MauriceHarkless-SF(2019),mmm,2,SF,True,11deDezembrode2024às00:26
219,AnthonyJohnson-PG(2008),mmm,2,C,False,11deDezembrode2024às00:26
218,RJBarrett-SF(2022),mmm,2,PF,False,11deDezembrode2024às00:26
217,RonaldMurray-SG(2006),mmm,2,PG,False,11deDezembrode2024às00:26
216,HamidouDiallo-SF(2020),mmm,2,SG,False,11deDezembrode2024às00:26
215,JohnHenson-C(2016),mmm,2,SF,False,11deDezembrode2024às00:26
214,JuanDixon-PG(2009),mmm,2,PG,True,11deDezembrode2024às00:26
213,KrisDunn-PG(2024),mmm,1,SF,False,11deDezembrode2024às00:18
212,GregMonroe-PF(2015),mmm,1,SG,False,11deDezembrode2024às00:17
211,RonMercer-SG(2001),mmm,1,SF,False,11deDezembrode2024às00:17
210,XavierMcDaniel-SF(1995),mmm,1,SG,False,11deDezembrode2024às00:17
209,MichaelAdams-PG(1992),mmm,1,PG,True,11deDezembrode2024às00:17
208,Devonte'Graham-PG(2023),mmm,1,C,False,11deDezembrode2024às00:17
207,JoshHoward-SF(2004),mmm,1,PF,False,11deDezembrode2024às00:17
206,IsaacOkoro-SF(2022),mmm,1,SF,True,11deDezembrode2024às00:17
205,WinstonGarland-PG(1993),mmm,1,SG,False,11deDezembrode2024às00:17
204,LamarOdom-PF(2001),mmm,1,PG,False,11deDezembrode2024às00:17
203,AllenLeavell-PG(1983),mibrahim,9,PG,True,11deDezembrode2024às00:02
202,PaulPierce-SF(2006),mibrahim,9,SF,True,11deDezembrode2024às00:02
201,FrankJohnson-PG(1985),mibrahim,9,PG,True,11deDezembrode2024às00:02
200,KyleLowry-PG(2018),mibrahim,9,PG,True,11deDezembrode2024às00:01
199,EricBledsoe-PG(2022),mibrahim,9,PG,True,11deDezembrode2024às00:01
198,DrewGooden-C(2010),mibrahim,9,C,True,11deDezembrode2024às00:01
197,JamesEnnisIII-SF(2017),mibrahim,9,SF,True,11deDezembrode2024às00:00
196,TylerJohnson-PG(2017),mibrahim,9,SF,False,11deDezembrode2024às00:00
195,JamesDonaldson-C(1984),mibrahim,9,C,True,10deDezembrode2024às23:59
194,AronBaynes-C(2018),mibrahim,9,C,True,10deDezembrode2024às23:59
193,WillieCauley‑Stein-C(2019),mibrahim,8,SF,False,10deDezembrode2024às23:33
192,J.J.Redick-SG(2021),mibrahim,8,SF,False,10deDezembrode2024às23:33
191,WesleyMatthews-SF(2019),mibrahim,8,SF,True,10deDezembrode2024às23:33
190,ScottiePippen-SF(1989),mibrahim,8,SF,True,10deDezembrode2024às23:33
189,MarkJackson-PG(2003),mibrahim,8,SF,False,10deDezembrode2024às23:33
188,WendellCarterJr.-PF(2022),mibrahim,8,SF,False,10deDezembrode2024às23:33
187,TimHardaway-PG(2001),mibrahim,8,SF,False,10deDezembrode2024às23:33
186,MichaelCooper-SG(1990),mibrahim,8,SF,False,10deDezembrode2024às23:33
185,HubertDavis-SG(1994),mibrahim,8,SF,False,10deDezembrode2024às23:33
184,ChrisBosh-C(2009),mibrahim,8,SF,False,10deDezembrode2024às23:33
183,WillieAnderson-SG(1990),mibrahim,8,SF,False,10deDezembrode2024às23:33
182,MarkBryant-PF(1997),matheus,12,C,False,10deDezembrode2024às20:36
181,GaryTrent-C(2004),matheus,12,C,True,10deDezembrode2024às20:36
180,ÖmerAşık-C(2016),matheus,12,C,True,10deDezembrode2024às20:35
179,CliffLevingston-PF(1989),mibrahim,7,PF,True,10deDezembrode2024às17:34
178,JamesSingleton-PF(2010),mibrahim,7,C,False,10deDezembrode2024às17:34
177,SashaPavlović-SG(2006),mibrahim,7,SG,True,10deDezembrode2024às17:34
176,A.C.Green-PF(1987),mibrahim,7,C,False,10deDezembrode2024às17:34
175,DavidWesley-SG(2006),mibrahim,7,SG,True,10deDezembrode2024às17:34
174,JonBarry-SG(2002),mibrahim,7,PG,False,10deDezembrode2024às17:32
173,AlHorford-C(2024),mibrahim,7,PF,False,10deDezembrode2024às17:32
172,MookieBlaylock-PG(1991),mibrahim,7,PG,True,10deDezembrode2024às17:32
171,TyroneHill-PF(2003),mibrahim,7,C,False,10deDezembrode2024às17:32
170,KeithBogans-SG(2005),mibrahim,7,SG,True,10deDezembrode2024às17:31
169,TheoRatliff-PF(1999),mibrahim,6,C,False,10deDezembrode2024às17:25
168,KrisDunn-PG(2018),mibrahim,6,PG,True,10deDezembrode2024às17:22
167,BlakeGriffin-C(2022),mibrahim,6,SF,False,10deDezembrode2024às17:21
166,DeMarDeRozan-PF(2022),mibrahim,6,PG,False,10deDezembrode2024às17:21
165,ChrisMorris-SF(1991),mibrahim,6,PF,False,10deDezembrode2024às17:21
164,GaryHarris-SG(2016),mibrahim,6,SG,True,10deDezembrode2024às17:21
163,OnyekaOkongwu-C(2022),mibrahim,6,C,True,10deDezembrode2024às17:21
162,MagicJohnson-PG(1990),mibrahim,6,PG,True,10deDezembrode2024às17:16
161,MichaelCarter-Williams-SG(2020),mibrahim,6,SF,False,10deDezembrode2024às17:15
160,PearlWashington-PG(1989),mibrahim,6,PG,True,10deDezembrode2024às17:15
159,RexChapman-SG(1998),mibrahim,6,SG,True,10deDezembrode2024às17:15
158,DannyFerry-SF(2002),matheus,11,SF,True,10deDezembrode2024às16:45
157,ScottiePippen-SF(1997),matheus,11,SG,False,10deDezembrode2024às16:45
156,AnthonyTolliver-PF(2020),matheus,11,PF,True,10deDezembrode2024às16:45
155,ToniKukoč-SF(1997),matheus,11,PF,False,10deDezembrode2024às16:45
154,DavidNwaba-SF(2021),matheus,11,PF,False,10deDezembrode2024às16:45
153,NicolasBatum-SG(2018),matheus,11,PF,False,10deDezembrode2024às16:45
152,JaValeMcGee-C(2021),matheus,11,PF,False,10deDezembrode2024às16:45
151,AlanHenderson-PF(1997),matheus,11,PF,True,10deDezembrode2024às16:45
150,PaulPressey-SF(1987),matheus,11,PF,False,10deDezembrode2024às16:44
149,PervisEllison-C(1991),matheus,11,PF,False,10deDezembrode2024às16:44
148,KevinLove-PF(2010),matheus,11,PF,True,10deDezembrode2024às16:44
147,JalenGreen-SG(2024),matheus,11,PF,False,10deDezembrode2024às16:44
146,NateMcMillan-SG(1991),mibrahim,5,SG,True,10deDezembrode2024às16:03
145,JohnWall-PG(2023),mibrahim,5,SG,False,10deDezembrode2024às16:03
144,TyusJones-PG(2021),mibrahim,5,SG,False,10deDezembrode2024às16:03
143,ByronHouston-PF(1993),mibrahim,5,SG,False,10deDezembrode2024às16:03
142,GeraldGreen-SG(2014),mibrahim,5,SG,True,10deDezembrode2024às16:03
141,ViktorKhryapa-SF(2006),mibrahim,5,SG,False,10deDezembrode2024às16:03
140,MarcIavaroni-PF(1988),mibrahim,5,SG,False,10deDezembrode2024às16:03
139,VinceCarter-SG(2011),mibrahim,5,SG,True,10deDezembrode2024às16:03
138,JohnBattle-SG(1989),mibrahim,5,SG,True,10deDezembrode2024às16:03
137,LaSalleThompson-C(1988),mibrahim,5,SG,False,10deDezembrode2024às16:03
136,JalenRose-SF(2000),mibrahim,4,SG,False,10deDezembrode2024às15:55
135,ScotPollard-C(2002),mibrahim,4,SG,False,10deDezembrode2024às15:55
134,AlvanAdams-C(1984),mibrahim,4,SG,False,10deDezembrode2024às15:55
133,NikolaVučević-C(2024),mibrahim,4,SG,False,10deDezembrode2024às15:55
132,PatrickEwing-C(1991),mibrahim,4,SG,False,10deDezembrode2024às15:55
131,MattBonner-PF(2006),mibrahim,4,SG,False,10deDezembrode2024às15:55
130,DerrickRose-PG(2010),mibrahim,4,SG,False,10deDezembrode2024às15:55
129,EricBledsoe-PG(2013),mibrahim,4,SG,False,10deDezembrode2024às15:55
128,PascalSiakam-PF(2018),mibrahim,4,SG,False,10deDezembrode2024às15:55
127,LarryNanceJr.-C(2024),mibrahim,4,SG,False,10deDezembrode2024às15:55
126,RonnyTuriaf-C(2007),mibrahim,4,SG,False,10deDezembrode2024às15:55
125,AndreIguodala-SF(2008),mibrahim,4,SG,False,10deDezembrode2024às15:55
124,MikeDunleavy-SF(2015),mibrahim,3,SF,True,10deDezembrode2024às15:45
123,ImmanuelQuickley-SG(2023),mibrahim,3,SF,False,10deDezembrode2024às15:45
122,FredJones-SG(2006),mibrahim,3,SF,False,10deDezembrode2024às15:45
121,TylerHansbrough-PF(2014),mibrahim,3,SF,False,10deDezembrode2024às15:45
120,MylesTurner-C(2022),mibrahim,3,SF,False,10deDezembrode2024às15:45
119,CorieBlount-PF(2001),mibrahim,3,SF,False,10deDezembrode2024às15:45
118,A.J.English-SG(1992),mibrahim,3,SF,False,10deDezembrode2024às15:45
117,BruceBowen-SF(2008),mibrahim,3,SF,True,10deDezembrode2024às15:45
116,PatrickBeverley-PG(2022),mibrahim,3,SF,False,10deDezembrode2024às15:45
115,JuliusErving-SF(1987),mibrahim,3,SF,True,10deDezembrode2024às15:45
114,KyleLowry-PG(2011),helena,1,PG,True,10deDezembrode2024às14:28
113,LionelHollins-PG(1985),helena,1,PG,True,10deDezembrode2024às14:28
112,DraymondGreen-PF(2016),helena,1,PG,False,10deDezembrode2024às14:28
111,ChristianBraun-SG(2024),helena,1,SF,False,10deDezembrode2024às14:28
110,DennisSchröder-PG(2023),helena,1,SG,False,10deDezembrode2024às14:28
109,JarrettJack-PG(2016),helena,1,PG,True,10deDezembrode2024às14:28
108,JohnLucas-PG(1987),helena,1,PG,True,10deDezembrode2024às14:28
107,TerrenceRoss-SG(2021),helena,1,SG,True,10deDezembrode2024às14:27
106,LatrellSprewell-SF(2000),helena,1,PG,False,10deDezembrode2024às14:27
105,DionWaiters-SG(2015),helena,1,SF,False,10deDezembrode2024às14:27
104,DerrickRose-PG(2021),matheus,10,PG,True,10deDezembrode2024às14:10
103,WalterDavis-SG(1991),matheus,10,SF,False,10deDezembrode2024às14:09
102,LaMeloBall-PG(2021),matheus,10,SF,False,10deDezembrode2024às14:09
101,T.J.Ford-PG(2011),matheus,10,PG,True,10deDezembrode2024às14:09
100,RobertPack-PG(1995),matheus,10,PG,True,10deDezembrode2024às13:59
99,MarkOlberding-PF(1982),matheus,10,PF,True,10deDezembrode2024às13:39
98,DarwinCook-SG(1981),matheus,10,PG,False,10deDezembrode2024às13:16
97,MikeIuzzolino-PG(1993),matheus,10,PG,True,10deDezembrode2024às13:16
96,CharlieCriss-PG(1981),matheus,10,PG,True,10deDezembrode2024às12:26
95,ReggieWilliams-SF(1995),matheus,10,SF,True,10deDezembrode2024às12:25
94,LarryDrew-PG(1988),mibrahim,2,PG,True,10deDezembrode2024às12:06
93,AndreIguodala-SF(2014),mibrahim,2,PG,False,10deDezembrode2024às12:06
92,TroyHudson-PG(2007),mibrahim,2,PG,True,10deDezembrode2024às12:05
91,ShareefAbdur-Rahim-PF(2002),mibrahim,2,PF,True,10deDezembrode2024às11:44
90,ShaiGilgeous-Alexander-SG(2020),mibrahim,2,SF,False,10deDezembrode2024às11:44
89,AntoineCarr-PF(1992),mibrahim,2,PF,True,10deDezembrode2024às11:44
88,LukaDončić-PG(2024),mibrahim,2,PG,True,10deDezembrode2024às11:42
87,AlperenŞengün-C(2023),mibrahim,2,C,True,10deDezembrode2024às11:42
86,JasonCollins-C(2004),mibrahim,2,C,True,10deDezembrode2024às11:42
85,DanIssel-C(1985),mibrahim,2,PF,False,10deDezembrode2024às11:42
84,O.J.Mayo-SG(2009),matheus,9,PF,False,10deDezembrode2024às00:28
83,StevenAdams-C(2015),matheus,9,PF,False,10deDezembrode2024às00:28
82,TomChambers-PF(1982),matheus,9,PF,True,10deDezembrode2024às00:28
81,LamarOdom-PF(2004),matheus,9,PF,True,10deDezembrode2024às00:28
80,AndreIguodala-SG(2007),matheus,9,PF,False,10deDezembrode2024às00:28
79,JonasJerebko-PF(2017),matheus,9,PF,True,10deDezembrode2024às00:28
78,MichaelBeasley-PF(2017),matheus,9,PF,True,10deDezembrode2024às00:28
77,MontaEllis-SG(2008),matheus,9,PF,False,10deDezembrode2024às00:28
76,KevinKunnert-C(1981),matheus,9,PF,False,10deDezembrode2024às00:28
75,MikeGale-PG(1981),matheus,9,PF,False,10deDezembrode2024às00:28
74,MikeConley-PG(2015),matheus,9,PF,False,10deDezembrode2024às00:28
73,JamesRobinson-PG(1995),mibrahim,1,SF,False,10deDezembrode2024às00:06
72,BobbyPortis-PF(2017),mibrahim,1,C,False,10deDezembrode2024às00:05
71,BernardKing-SF(1991),mibrahim,1,PG,False,10deDezembrode2024às00:05
70,KarlMalone-PF(2003),mibrahim,1,PG,False,10deDezembrode2024às00:05
69,DwightHoward-C(2008),mibrahim,1,C,True,10deDezembrode2024às00:05
68,JimmyButler-PF(2024),mibrahim,1,PG,False,10deDezembrode2024às00:04
67,TysonChandler-C(2011),mibrahim,1,C,True,10deDezembrode2024às00:04
66,JaredDudley-SF(2013),mibrahim,1,SG,False,10deDezembrode2024às00:04
65,DejounteMurray-PG(2018),mibrahim,1,SF,False,10deDezembrode2024às00:04
64,LuguentzDort-SG(2022),mibrahim,1,SF,False,10deDezembrode2024às00:04
63,DerekFisher-PG(2010),mibrahim,1,SF,False,10deDezembrode2024às00:04
62,MarcusThornton-SG(2015),mibrahim,1,SG,True,10deDezembrode2024às00:03
61,JeffHornacek-SG(1989),mibrahim,1,PG,False,10deDezembrode2024às00:03
60,RodneyStuckey-PG(2009),mibrahim,1,PG,True,10deDezembrode2024às00:03
59,JamesHarden-PG(2017),mibrahim,1,SG,False,10deDezembrode2024às00:03
58,ShaunLivingston-SG(2012),matheus,8,PG,False,9deDezembrode2024às23:20
57,MalcolmDelaney-PG(2017),matheus,8,SF,False,9deDezembrode2024às23:20
56,QuentinGrimes-SG(2023),matheus,8,SF,False,9deDezembrode2024às23:20
55,MoBamba-C(2022),matheus,8,SF,False,9deDezembrode2024às23:20
54,RobertHorry-PF(1998),matheus,8,SF,False,9deDezembrode2024às23:20
53,PatGarrity-SF(2000),matheus,8,SF,True,9deDezembrode2024às23:20
52,KevinMartin-SG(2013),matheus,8,SF,False,9deDezembrode2024às23:20
51,SpudWebb-PG(1987),matheus,8,SF,False,9deDezembrode2024às23:20
50,RobertParish-C(1987),matheus,8,SF,False,9deDezembrode2024às23:20
49,WalterMcCarty-SF(1998),matheus,8,SF,True,9deDezembrode2024às23:20
48,J.R.Smith-SG(2008),matheus,7,SF,False,9deDezembrode2024às23:18
47,GeraldWilkins-SG(1989),matheus,7,SF,False,9deDezembrode2024às23:18
46,TomOwens-PF(1981),matheus,7,SF,False,9deDezembrode2024às23:18
45,TonyBattie-C(2006),matheus,7,SF,False,9deDezembrode2024às23:18
44,A.J.Guyton-PG(2001),matheus,7,SF,False,9deDezembrode2024às23:18
43,DanMajerle-SG(1989),matheus,7,SF,False,9deDezembrode2024às23:18
42,LarryNance-PF(1992),matheus,7,SF,False,9deDezembrode2024às23:18
41,KelennaAzubuike-SG(2008),matheus,7,SF,False,9deDezembrode2024às23:18
40,BrianGrant-C(2003),matheus,7,SF,False,9deDezembrode2024às23:18
39,MickeyJohnson-PF(1984),matheus,7,SF,False,9deDezembrode2024às23:18
38,ChanningFrye-PF(2014),matheus,6,SF,False,9deDezembrode2024às23:14
37,DaniloGallinari-SF(2017),matheus,6,SG,False,9deDezembrode2024às23:14
36,FranzWagner-SF(2024),matheus,6,SF,True,9deDezembrode2024às23:14
35,ChrisKaman-C(2008),matheus,6,C,True,9deDezembrode2024às23:14
34,SpencerHawes-C(2009),matheus,6,SF,False,9deDezembrode2024às23:14
33,DamyeanDotson-SG(2020),matheus,6,SG,True,9deDezembrode2024às23:14
32,KirkHinrich-PG(2005),matheus,6,PG,True,9deDezembrode2024às23:14
31,PattyMills-PG(2021),matheus,6,SG,False,9deDezembrode2024às23:14
30,LonzoBall-PG(2019),matheus,6,SG,False,9deDezembrode2024às23:13
29,JeffGreen-PF(2020),matheus,6,SG,False,9deDezembrode2024às23:13
28,JohnLucas-PG(1985),matheus,4,PG,True,9deDezembrode2024às19:57
27,RyanAnderson-PF(2018),matheus,4,PF,True,9deDezembrode2024às19:57
26,EricSnow-PG(2001),matheus,4,PG,True,9deDezembrode2024às19:56
25,BenWallace-C(2005),matheus,4,PF,False,9deDezembrode2024às19:56
24,EldenCampbell-PF(1997),matheus,4,C,False,9deDezembrode2024às19:56
23,GeorgeMcCloud-SF(1992),matheus,4,SG,False,9deDezembrode2024às19:52
22,DougChristie-SG(2004),matheus,4,SF,False,9deDezembrode2024às19:52
21,TraeYoung-PG(2022),matheus,4,PG,True,9deDezembrode2024às19:52
20,RasualButler-SF(2006),matheus,4,SF,True,9deDezembrode2024às19:51
19,AllenLeavell-PG(1981),matheus,4,PG,True,9deDezembrode2024às19:51
18,ÖmerAşık-C(2016),matheus,4,C,True,9deDezembrode2024às19:51
17,DeMarDeRozan-SG(2017),matheus,4,PG,False,9deDezembrode2024às19:51
16,DillonBrooks-SF(2023),matheus,4,SF,True,9deDezembrode2024às19:50
15,VladeDivac-C(1991),matheus,4,C,True,9deDezembrode2024às19:43
14,GregOden-C(2009),matheus,4,C,True,9deDezembrode2024às19:42
13,PaulPressey-SG(1991),matheus,4,PG,False,9deDezembrode2024às19:42
12,NicClaxton-C(2021),matheus,4,C,True,9deDezembrode2024às19:29
11,JeremyLamb-SG(2019),matheus,4,SF,False,9deDezembrode2024às19:29
10,DannyAinge-SG(1993),matheus,1,SG,True,9deDezembrode2024às18:04
9,LukeRidnour-PG(2014),matheus,1,PG,True,9deDezembrode2024às18:04
8,JalenRose-SF(2005),matheus,1,SF,True,9deDezembrode2024às18:04
7,WendellCarterJr.-C(2024),matheus,1,PF,False,9deDezembrode2024às18:03
6,ChrisDuarte-SG(2022),matheus,1,SG,True,9deDezembrode2024às18:03
5,JoeDumars-SG(1994),matheus,1,PG,False,9deDezembrode2024às18:02
4,MarcusMorris-SF(2020),matheus,1,SF,True,9deDezembrode2024às18:02
3,TerryDavis-PF(1991),matheus,1,C,False,9deDezembrode2024às18:01
2,KristapsPorziņģis-PF(2018),matheus,1,C,False,9deDezembrode2024às18:01
1,MichaelOlowokandi-C(2006),matheus,1,C,True,9deDezembrode2024às17:48